{"stats":{"minecraft:broken":{"minecraft:wooden_axe":1},"minecraft:crafted":{"minecraft:stone_sword":1,"minecraft:furnace":2,"minecraft:wooden_axe":2,"minecraft:stone_shovel":1,"minecraft:iron_ingot":3,"minecraft:cooked_chicken":5,"minecraft:birch_planks":52,"minecraft:stone_pickaxe":1,"minecraft:cooked_mutton":1,"minecraft:crafting_table":1,"minecraft:torch":40,"minecraft:stick":32,"minecraft:wooden_pickaxe":1,"minecraft:cooked_beef":6,"minecraft:shield":1,"minecraft:stone_axe":1,"minecraft:oak_planks":108,"minecraft:cooked_porkchop":5,"minecraft:chest":1,"minecraft:iron_pickaxe":1,"minecraft:air":0,"minecraft:smoker":1},"minecraft:killed":{"minecraft:zombie":3,"minecraft:chicken":5,"minecraft:sheep":3,"minecraft:pig":7,"minecraft:cow":4},"minecraft:custom":{"minecraft:time_since_rest":15786,"minecraft:leave_game":4,"minecraft:damage_taken":1115,"minecraft:mob_kills":23,"minecraft:time_since_death":15761,"minecraft:interact_with_furnace":5,"minecraft:total_world_time":74270,"minecraft:swim_one_cm":84034,"minecraft:crouch_one_cm":4829,"minecraft:deaths":4,"minecraft:climb_one_cm":482,"minecraft:damage_blocked_by_shield":25,"minecraft:interact_with_crafting_table":12,"minecraft:walk_one_cm":130009,"minecraft:walk_under_water_one_cm":1881,"minecraft:play_time":74270,"minecraft:damage_dealt":2366,"minecraft:jump":1524,"minecraft:drop":4,"minecraft:sprint_one_cm":104797,"minecraft:open_chest":2,"minecraft:interact_with_smoker":8,"minecraft:fall_one_cm":58940,"minecraft:fly_one_cm":591912,"minecraft:walk_on_water_one_cm":9231,"minecraft:sneak_time":1516},"minecraft:picked_up":{"minecraft:cobblestone":60,"minecraft:leather":12,"minecraft:torch":14,"minecraft:leaf_litter":13,"minecraft:coal":56,"minecraft:stone_pickaxe":2,"minecraft:oak_log":67,"minecraft:melon_slice":29,"minecraft:sand":5,"minecraft:birch_log":13,"minecraft:iron_pickaxe":2,"minecraft:porkchop":15,"minecraft:stick":23,"minecraft:cooked_beef":10,"minecraft:white_wool":6,"minecraft:feather":15,"minecraft:oak_planks":50,"minecraft:chicken":5,"minecraft:cooked_porkchop":10,"minecraft:brown_egg":2,"minecraft:crafting_table":1,"minecraft:stone_shovel":2,"minecraft:cooked_chicken":10,"minecraft:rotten_flesh":1,"minecraft:raw_iron":10,"minecraft:beef":6,"minecraft:stone_sword":2,"minecraft:stone_axe":1,"minecraft:mutton":10},"minecraft:mined":{"minecraft:tall_grass":2,"minecraft:melon":3,"minecraft:torch":1,"minecraft:tall_dry_grass":3,"minecraft:coal_ore":56,"minecraft:wall_torch":1,"minecraft:fern":1,"minecraft:sand":5,"minecraft:oak_leaves":39,"minecraft:crafting_table":1,"minecraft:birch_log":13,"minecraft:leaf_litter":3,"minecraft:oak_log":34,"minecraft:dead_bush":16,"minecraft:iron_ore":10,"minecraft:stone":45},"minecraft:killed_by":{"minecraft:skeleton":1,"minecraft:zombie":2},"minecraft:dropped":{"minecraft:wooden_axe":1,"minecraft:leaf_litter":12,"minecraft:wooden_pickaxe":1},"minecraft:used":{"minecraft:stone_axe":36,"minecraft:sand":5,"minecraft:stone_sword":17,"minecraft:leaf_litter":1,"minecraft:shield":2,"minecraft:smoker":1,"minecraft:wooden_pickaxe":16,"minecraft:melon_slice":3,"minecraft:oak_log":3,"minecraft:cooked_beef":1,"minecraft:wooden_axe":36,"minecraft:crafting_table":2,"minecraft:chest":1,"minecraft:porkchop":10,"minecraft:furnace":1,"minecraft:brown_egg":2,"minecraft:torch":17,"minecraft:stone_pickaxe":96}},"DataVersion":4440}