{"stats":{"minecraft:broken":{"minecraft:wooden_axe":1,"minecraft:iron_pickaxe":1,"minecraft:stone_pickaxe":1},"minecraft:used":{"minecraft:stone_axe":39,"minecraft:sand":5,"minecraft:stone_sword":76,"minecraft:leaf_litter":1,"minecraft:shield":18,"minecraft:iron_pickaxe":434,"minecraft:smoker":2,"minecraft:wooden_pickaxe":16,"minecraft:melon_slice":3,"minecraft:oak_log":3,"minecraft:cobblestone":69,"minecraft:birch_planks":1,"minecraft:cooked_beef":1,"minecraft:wooden_axe":36,"minecraft:cooked_mutton":15,"minecraft:crafting_table":4,"minecraft:chest":2,"minecraft:porkchop":10,"minecraft:furnace":2,"minecraft:white_bed":2,"minecraft:brown_egg":2,"minecraft:torch":124,"minecraft:stone_pickaxe":132,"minecraft:dirt":1},"minecraft:crafted":{"minecraft:stone_sword":1,"minecraft:furnace":2,"minecraft:wooden_axe":2,"minecraft:stone_shovel":1,"minecraft:iron_ingot":3,"minecraft:cooked_chicken":5,"minecraft:birch_planks":52,"minecraft:stone_pickaxe":1,"minecraft:cooked_mutton":1,"minecraft:crafting_table":2,"minecraft:torch":128,"minecraft:stick":64,"minecraft:wooden_pickaxe":1,"minecraft:cooked_beef":6,"minecraft:shield":1,"minecraft:stone_axe":1,"minecraft:oak_planks":108,"minecraft:cooked_porkchop":5,"minecraft:chest":1,"minecraft:iron_pickaxe":2,"minecraft:air":0,"minecraft:smoker":1},"minecraft:dropped":{"minecraft:iron_ingot":6,"minecraft:wooden_axe":1,"minecraft:torch":40,"minecraft:birch_planks":46,"minecraft:leaf_litter":12,"minecraft:cooked_porkchop":29,"minecraft:wooden_pickaxe":1,"minecraft:stick":5},"minecraft:killed_by":{"minecraft:skeleton":1,"minecraft:zombie":2},"minecraft:picked_up":{"minecraft:dirt":1,"minecraft:cobblestone":366,"minecraft:white_bed":1,"minecraft:leather":16,"minecraft:redstone":76,"minecraft:torch":41,"minecraft:bone":4,"minecraft:tuff":3,"minecraft:leaf_litter":13,"minecraft:coal":128,"minecraft:stone_pickaxe":2,"minecraft:cooked_mutton":65,"minecraft:oak_log":67,"minecraft:melon_slice":42,"minecraft:sand":5,"minecraft:furnace":1,"minecraft:birch_planks":1,"minecraft:birch_log":13,"minecraft:diamond":29,"minecraft:granite":10,"minecraft:smoker":1,"minecraft:iron_pickaxe":2,"minecraft:lapis_lazuli":34,"minecraft:porkchop":15,"minecraft:diorite":12,"minecraft:stick":25,"minecraft:cooked_beef":15,"minecraft:white_wool":8,"minecraft:feather":15,"minecraft:oak_planks":57,"minecraft:chicken":5,"minecraft:cooked_porkchop":79,"minecraft:bow":3,"minecraft:brown_egg":2,"minecraft:crafting_table":2,"minecraft:stone_shovel":2,"minecraft:arrow":5,"minecraft:cooked_chicken":15,"minecraft:rotten_flesh":10,"minecraft:raw_iron":29,"minecraft:beef":6,"minecraft:cobbled_deepslate":10,"minecraft:andesite":1,"minecraft:stone_sword":2,"minecraft:stone_axe":1,"minecraft:mutton":15,"minecraft:chest":1},"minecraft:custom":{"minecraft:time_since_rest":100900,"minecraft:leave_game":5,"minecraft:damage_taken":1980,"minecraft:mob_kills":40,"minecraft:time_since_death":120620,"minecraft:interact_with_furnace":6,"minecraft:sleep_in_bed":1,"minecraft:total_world_time":179129,"minecraft:swim_one_cm":90333,"minecraft:crouch_one_cm":14338,"minecraft:deaths":4,"minecraft:climb_one_cm":482,"minecraft:damage_blocked_by_shield":325,"minecraft:interact_with_crafting_table":13,"minecraft:walk_one_cm":244653,"minecraft:walk_under_water_one_cm":5550,"minecraft:play_time":179129,"minecraft:damage_dealt":5378,"minecraft:jump":2364,"minecraft:drop":78,"minecraft:sprint_one_cm":206171,"minecraft:open_chest":7,"minecraft:interact_with_smoker":9,"minecraft:fall_one_cm":80819,"minecraft:fly_one_cm":693392,"minecraft:walk_on_water_one_cm":15374,"minecraft:sneak_time":4395},"minecraft:mined":{"minecraft:torch":3,"minecraft:granite":10,"minecraft:chest":1,"minecraft:coal_ore":107,"minecraft:diorite":12,"minecraft:cobblestone":3,"minecraft:white_bed":1,"minecraft:smoker":1,"minecraft:oak_leaves":39,"minecraft:furnace":1,"minecraft:crafting_table":2,"minecraft:birch_log":13,"minecraft:leaf_litter":3,"minecraft:deepslate_redstone_ore":17,"minecraft:tall_grass":2,"minecraft:melon":3,"minecraft:dirt":1,"minecraft:tall_dry_grass":3,"minecraft:andesite":1,"minecraft:tuff":3,"minecraft:wall_torch":3,"minecraft:fern":1,"minecraft:deepslate":10,"minecraft:sand":5,"minecraft:deepslate_lapis_ore":2,"minecraft:deepslate_diamond_ore":29,"minecraft:deepslate_iron_ore":7,"minecraft:oak_log":34,"minecraft:birch_planks":1,"minecraft:dead_bush":16,"minecraft:iron_ore":25,"minecraft:stone":348,"minecraft:lapis_ore":4},"minecraft:killed":{"minecraft:zombie":13,"minecraft:skeleton":6,"minecraft:chicken":5,"minecraft:sheep":3,"minecraft:pig":7,"minecraft:cow":4,"minecraft:spider":1}},"DataVersion":4440}