{"stats":{"minecraft:broken":{"minecraft:wooden_axe":1},"minecraft:crafted":{"minecraft:stick":12,"minecraft:wooden_axe":2,"minecraft:wooden_pickaxe":1,"minecraft:oak_planks":48,"minecraft:crafting_table":1},"minecraft:used":{"minecraft:sand":5,"minecraft:leaf_litter":1,"minecraft:wooden_axe":36,"minecraft:crafting_table":2,"minecraft:wooden_pickaxe":16,"minecraft:porkchop":10,"minecraft:brown_egg":1},"minecraft:killed_by":{"minecraft:skeleton":1},"minecraft:killed":{"minecraft:chicken":5,"minecraft:pig":7,"minecraft:sheep":3,"minecraft:cow":4},"minecraft:mined":{"minecraft:tall_grass":2,"minecraft:sand":5,"minecraft:oak_leaves":36,"minecraft:crafting_table":1,"minecraft:tall_dry_grass":3,"minecraft:leaf_litter":3,"minecraft:oak_log":12,"minecraft:dead_bush":16,"minecraft:stone":16},"minecraft:custom":{"minecraft:interact_with_crafting_table":3,"minecraft:time_since_rest":13352,"minecraft:walk_one_cm":102243,"minecraft:leave_game":3,"minecraft:walk_under_water_one_cm":1418,"minecraft:mob_kills":20,"minecraft:damage_taken":495,"minecraft:play_time":47009,"minecraft:damage_dealt":1620,"minecraft:jump":1202,"minecraft:time_since_death":13323,"minecraft:drop":2,"minecraft:sprint_one_cm":77514,"minecraft:open_chest":1,"minecraft:fall_one_cm":49150,"minecraft:total_world_time":47009,"minecraft:swim_one_cm":44588,"minecraft:fly_one_cm":226033,"minecraft:walk_on_water_one_cm":7431,"minecraft:crouch_one_cm":1591,"minecraft:sneak_time":335,"minecraft:climb_one_cm":400,"minecraft:deaths":2},"minecraft:dropped":{"minecraft:leaf_litter":12},"minecraft:picked_up":{"minecraft:porkchop":15,"minecraft:stick":21,"minecraft:cobblestone":16,"minecraft:white_wool":2,"minecraft:feather":5,"minecraft:chicken":5,"minecraft:brown_egg":1,"minecraft:leather":4,"minecraft:crafting_table":1,"minecraft:beef":6,"minecraft:leaf_litter":13,"minecraft:oak_log":12,"minecraft:sand":5,"minecraft:mutton":5}},"DataVersion":4440}