{"stats":{"minecraft:used":{"minecraft:sand":5},"minecraft:mined":{"minecraft:sand":5},"minecraft:custom":{"minecraft:time_since_rest":4669,"minecraft:walk_one_cm":18364,"minecraft:leave_game":3,"minecraft:walk_under_water_one_cm":91,"minecraft:damage_taken":65,"minecraft:play_time":23667,"minecraft:damage_dealt":36,"minecraft:jump":341,"minecraft:time_since_death":3859,"minecraft:sprint_one_cm":22755,"minecraft:open_chest":1,"minecraft:fall_one_cm":13875,"minecraft:swim_one_cm":5812,"minecraft:total_world_time":23667,"minecraft:fly_one_cm":82829,"minecraft:crouch_one_cm":257,"minecraft:walk_on_water_one_cm":244,"minecraft:sneak_time":71,"minecraft:deaths":1},"minecraft:picked_up":{"minecraft:sand":5}},"DataVersion":4440}