{"stats":{"minecraft:broken":{"minecraft:wooden_axe":1},"minecraft:used":{"minecraft:stone_axe":23,"minecraft:sand":5,"minecraft:stone_sword":6,"minecraft:leaf_litter":1,"minecraft:smoker":1,"minecraft:wooden_pickaxe":16,"minecraft:melon_slice":1,"minecraft:cooked_beef":1,"minecraft:wooden_axe":36,"minecraft:crafting_table":2,"minecraft:porkchop":10,"minecraft:furnace":1,"minecraft:brown_egg":2,"minecraft:torch":8,"minecraft:stone_pickaxe":59},"minecraft:crafted":{"minecraft:stone_sword":1,"minecraft:furnace":2,"minecraft:wooden_axe":2,"minecraft:stone_shovel":1,"minecraft:iron_ingot":3,"minecraft:cooked_chicken":5,"minecraft:stone_pickaxe":1,"minecraft:crafting_table":1,"minecraft:torch":12,"minecraft:stick":20,"minecraft:wooden_pickaxe":1,"minecraft:cooked_beef":6,"minecraft:stone_axe":1,"minecraft:oak_planks":48,"minecraft:cooked_porkchop":5,"minecraft:iron_pickaxe":1,"minecraft:air":0,"minecraft:smoker":1},"minecraft:killed_by":{"minecraft:skeleton":1,"minecraft:zombie":1},"minecraft:killed":{"minecraft:zombie":1,"minecraft:chicken":5,"minecraft:sheep":3,"minecraft:pig":7,"minecraft:cow":4},"minecraft:mined":{"minecraft:tall_grass":2,"minecraft:melon":3,"minecraft:torch":1,"minecraft:tall_dry_grass":3,"minecraft:coal_ore":29,"minecraft:wall_torch":1,"minecraft:fern":1,"minecraft:sand":5,"minecraft:oak_leaves":39,"minecraft:crafting_table":1,"minecraft:leaf_litter":3,"minecraft:oak_log":34,"minecraft:dead_bush":16,"minecraft:iron_ore":6,"minecraft:stone":39},"minecraft:custom":{"minecraft:time_since_rest":3439,"minecraft:leave_game":4,"minecraft:damage_taken":925,"minecraft:mob_kills":21,"minecraft:time_since_death":3403,"minecraft:interact_with_furnace":4,"minecraft:total_world_time":57023,"minecraft:swim_one_cm":84034,"minecraft:crouch_one_cm":3597,"minecraft:deaths":3,"minecraft:climb_one_cm":400,"minecraft:interact_with_crafting_table":9,"minecraft:walk_one_cm":113892,"minecraft:walk_under_water_one_cm":1881,"minecraft:play_time":57023,"minecraft:damage_dealt":1868,"minecraft:jump":1348,"minecraft:drop":4,"minecraft:sprint_one_cm":89282,"minecraft:open_chest":1,"minecraft:interact_with_smoker":7,"minecraft:fall_one_cm":53340,"minecraft:fly_one_cm":261611,"minecraft:walk_on_water_one_cm":9231,"minecraft:sneak_time":968},"minecraft:dropped":{"minecraft:wooden_axe":1,"minecraft:leaf_litter":12,"minecraft:wooden_pickaxe":1},"minecraft:picked_up":{"minecraft:porkchop":15,"minecraft:stick":21,"minecraft:cobblestone":39,"minecraft:white_wool":2,"minecraft:feather":5,"minecraft:chicken":5,"minecraft:brown_egg":2,"minecraft:leather":4,"minecraft:crafting_table":1,"minecraft:torch":2,"minecraft:raw_iron":6,"minecraft:beef":6,"minecraft:leaf_litter":13,"minecraft:coal":29,"minecraft:oak_log":34,"minecraft:melon_slice":16,"minecraft:sand":5,"minecraft:mutton":5}},"DataVersion":4440}