{"stats":{"minecraft:broken":{"minecraft:wooden_axe":1},"minecraft:crafted":{"minecraft:stone_sword":1,"minecraft:furnace":2,"minecraft:wooden_axe":2,"minecraft:stone_shovel":1,"minecraft:iron_ingot":3,"minecraft:cooked_chicken":5,"minecraft:birch_planks":52,"minecraft:stone_pickaxe":1,"minecraft:cooked_mutton":1,"minecraft:crafting_table":1,"minecraft:torch":40,"minecraft:stick":32,"minecraft:wooden_pickaxe":1,"minecraft:cooked_beef":6,"minecraft:shield":1,"minecraft:stone_axe":1,"minecraft:oak_planks":108,"minecraft:cooked_porkchop":5,"minecraft:chest":1,"minecraft:iron_pickaxe":1,"minecraft:air":0,"minecraft:smoker":1},"minecraft:killed":{"minecraft:zombie":7,"minecraft:skeleton":2,"minecraft:chicken":5,"minecraft:sheep":3,"minecraft:pig":7,"minecraft:cow":4},"minecraft:custom":{"minecraft:time_since_rest":38041,"minecraft:leave_game":4,"minecraft:damage_taken":1350,"minecraft:mob_kills":29,"minecraft:time_since_death":57761,"minecraft:interact_with_furnace":5,"minecraft:sleep_in_bed":1,"minecraft:total_world_time":116270,"minecraft:swim_one_cm":84034,"minecraft:crouch_one_cm":6423,"minecraft:deaths":4,"minecraft:climb_one_cm":482,"minecraft:damage_blocked_by_shield":210,"minecraft:interact_with_crafting_table":12,"minecraft:walk_one_cm":163433,"minecraft:walk_under_water_one_cm":3066,"minecraft:play_time":116270,"minecraft:damage_dealt":3288,"minecraft:jump":1829,"minecraft:drop":4,"minecraft:sprint_one_cm":137354,"minecraft:open_chest":3,"minecraft:interact_with_smoker":8,"minecraft:fall_one_cm":68947,"minecraft:fly_one_cm":627961,"minecraft:walk_on_water_one_cm":10523,"minecraft:sneak_time":1946},"minecraft:picked_up":{"minecraft:dirt":1,"minecraft:cobblestone":62,"minecraft:leather":12,"minecraft:torch":15,"minecraft:bone":2,"minecraft:leaf_litter":13,"minecraft:coal":83,"minecraft:stone_pickaxe":2,"minecraft:oak_log":67,"minecraft:melon_slice":29,"minecraft:sand":5,"minecraft:birch_log":13,"minecraft:iron_pickaxe":2,"minecraft:porkchop":15,"minecraft:stick":23,"minecraft:cooked_beef":10,"minecraft:white_wool":6,"minecraft:feather":15,"minecraft:oak_planks":50,"minecraft:chicken":5,"minecraft:cooked_porkchop":10,"minecraft:bow":1,"minecraft:brown_egg":2,"minecraft:crafting_table":1,"minecraft:stone_shovel":2,"minecraft:arrow":3,"minecraft:cooked_chicken":10,"minecraft:rotten_flesh":5,"minecraft:raw_iron":14,"minecraft:beef":6,"minecraft:andesite":1,"minecraft:stone_sword":2,"minecraft:stone_axe":1,"minecraft:mutton":10},"minecraft:mined":{"minecraft:tall_grass":2,"minecraft:melon":3,"minecraft:torch":1,"minecraft:dirt":1,"minecraft:tall_dry_grass":3,"minecraft:andesite":1,"minecraft:coal_ore":83,"minecraft:cobblestone":1,"minecraft:wall_torch":2,"minecraft:fern":1,"minecraft:sand":5,"minecraft:oak_leaves":39,"minecraft:crafting_table":1,"minecraft:birch_log":13,"minecraft:leaf_litter":3,"minecraft:oak_log":34,"minecraft:dead_bush":16,"minecraft:iron_ore":14,"minecraft:stone":46},"minecraft:killed_by":{"minecraft:skeleton":1,"minecraft:zombie":2},"minecraft:dropped":{"minecraft:wooden_axe":1,"minecraft:leaf_litter":12,"minecraft:wooden_pickaxe":1},"minecraft:used":{"minecraft:stone_axe":36,"minecraft:sand":5,"minecraft:stone_sword":37,"minecraft:leaf_litter":1,"minecraft:shield":12,"minecraft:smoker":1,"minecraft:wooden_pickaxe":16,"minecraft:melon_slice":3,"minecraft:oak_log":3,"minecraft:cobblestone":23,"minecraft:birch_planks":1,"minecraft:cooked_beef":1,"minecraft:wooden_axe":36,"minecraft:cooked_mutton":5,"minecraft:crafting_table":2,"minecraft:chest":1,"minecraft:porkchop":10,"minecraft:furnace":1,"minecraft:white_bed":1,"minecraft:brown_egg":2,"minecraft:torch":43,"minecraft:stone_pickaxe":130,"minecraft:dirt":1}},"DataVersion":4440}