{"stats":{"minecraft:used":{"minecraft:sand":5,"minecraft:leaf_litter":1},"minecraft:killed_by":{"minecraft:skeleton":1},"minecraft:mined":{"minecraft:sand":5,"minecraft:oak_leaves":36,"minecraft:tall_dry_grass":3,"minecraft:leaf_litter":1,"minecraft:dead_bush":16},"minecraft:custom":{"minecraft:time_since_rest":1352,"minecraft:walk_one_cm":75468,"minecraft:leave_game":3,"minecraft:mob_kills":1,"minecraft:walk_under_water_one_cm":1230,"minecraft:damage_taken":395,"minecraft:damage_dealt":120,"minecraft:play_time":35009,"minecraft:jump":690,"minecraft:time_since_death":1323,"minecraft:sprint_one_cm":43046,"minecraft:open_chest":1,"minecraft:fall_one_cm":26950,"minecraft:swim_one_cm":38581,"minecraft:total_world_time":35009,"minecraft:fly_one_cm":135480,"minecraft:walk_on_water_one_cm":4851,"minecraft:crouch_one_cm":259,"minecraft:sneak_time":72,"minecraft:climb_one_cm":36,"minecraft:deaths":2},"minecraft:picked_up":{"minecraft:leaf_litter":1,"minecraft:stick":21,"minecraft:sand":5}},"DataVersion":4440}