{"stats":{"minecraft:broken":{"minecraft:wooden_axe":1,"minecraft:stone_pickaxe":1},"minecraft:used":{"minecraft:stone_axe":39,"minecraft:sand":5,"minecraft:stone_sword":37,"minecraft:leaf_litter":1,"minecraft:shield":12,"minecraft:iron_pickaxe":50,"minecraft:smoker":2,"minecraft:wooden_pickaxe":16,"minecraft:melon_slice":3,"minecraft:oak_log":3,"minecraft:cobblestone":30,"minecraft:birch_planks":1,"minecraft:cooked_beef":1,"minecraft:wooden_axe":36,"minecraft:cooked_mutton":6,"minecraft:crafting_table":3,"minecraft:chest":2,"minecraft:porkchop":10,"minecraft:furnace":2,"minecraft:white_bed":2,"minecraft:brown_egg":2,"minecraft:torch":54,"minecraft:stone_pickaxe":132,"minecraft:dirt":1},"minecraft:crafted":{"minecraft:stone_sword":1,"minecraft:furnace":2,"minecraft:wooden_axe":2,"minecraft:stone_shovel":1,"minecraft:iron_ingot":3,"minecraft:cooked_chicken":5,"minecraft:birch_planks":52,"minecraft:stone_pickaxe":1,"minecraft:cooked_mutton":1,"minecraft:crafting_table":1,"minecraft:torch":88,"minecraft:stick":44,"minecraft:wooden_pickaxe":1,"minecraft:cooked_beef":6,"minecraft:shield":1,"minecraft:stone_axe":1,"minecraft:oak_planks":108,"minecraft:cooked_porkchop":5,"minecraft:chest":1,"minecraft:iron_pickaxe":1,"minecraft:air":0,"minecraft:smoker":1},"minecraft:dropped":{"minecraft:iron_ingot":6,"minecraft:wooden_axe":1,"minecraft:torch":19,"minecraft:birch_planks":46,"minecraft:leaf_litter":12,"minecraft:wooden_pickaxe":1,"minecraft:stick":5},"minecraft:killed_by":{"minecraft:skeleton":1,"minecraft:zombie":2},"minecraft:picked_up":{"minecraft:dirt":1,"minecraft:cobblestone":111,"minecraft:white_bed":1,"minecraft:leather":16,"minecraft:torch":18,"minecraft:bone":2,"minecraft:leaf_litter":13,"minecraft:coal":104,"minecraft:stone_pickaxe":2,"minecraft:cooked_mutton":65,"minecraft:oak_log":67,"minecraft:melon_slice":42,"minecraft:sand":5,"minecraft:furnace":1,"minecraft:birch_planks":1,"minecraft:birch_log":13,"minecraft:smoker":1,"minecraft:iron_pickaxe":2,"minecraft:porkchop":15,"minecraft:stick":25,"minecraft:cooked_beef":15,"minecraft:white_wool":8,"minecraft:feather":15,"minecraft:oak_planks":57,"minecraft:chicken":5,"minecraft:cooked_porkchop":79,"minecraft:bow":1,"minecraft:brown_egg":2,"minecraft:crafting_table":2,"minecraft:stone_shovel":2,"minecraft:arrow":3,"minecraft:cooked_chicken":15,"minecraft:rotten_flesh":6,"minecraft:raw_iron":14,"minecraft:beef":6,"minecraft:andesite":1,"minecraft:stone_sword":2,"minecraft:stone_axe":1,"minecraft:mutton":15,"minecraft:chest":1},"minecraft:custom":{"minecraft:time_since_rest":76900,"minecraft:leave_game":5,"minecraft:damage_taken":1350,"minecraft:mob_kills":29,"minecraft:time_since_death":96620,"minecraft:interact_with_furnace":5,"minecraft:sleep_in_bed":1,"minecraft:total_world_time":155129,"minecraft:swim_one_cm":84034,"minecraft:crouch_one_cm":6520,"minecraft:deaths":4,"minecraft:climb_one_cm":482,"minecraft:damage_blocked_by_shield":210,"minecraft:interact_with_crafting_table":12,"minecraft:walk_one_cm":182705,"minecraft:walk_under_water_one_cm":3066,"minecraft:play_time":155129,"minecraft:damage_dealt":3288,"minecraft:jump":1913,"minecraft:drop":32,"minecraft:sprint_one_cm":145803,"minecraft:open_chest":4,"minecraft:interact_with_smoker":8,"minecraft:fall_one_cm":69817,"minecraft:fly_one_cm":634172,"minecraft:walk_on_water_one_cm":10523,"minecraft:sneak_time":1965},"minecraft:mined":{"minecraft:tall_grass":2,"minecraft:melon":3,"minecraft:torch":2,"minecraft:dirt":1,"minecraft:chest":1,"minecraft:tall_dry_grass":3,"minecraft:andesite":1,"minecraft:coal_ore":83,"minecraft:cobblestone":3,"minecraft:white_bed":1,"minecraft:wall_torch":3,"minecraft:smoker":1,"minecraft:fern":1,"minecraft:sand":5,"minecraft:oak_leaves":39,"minecraft:furnace":1,"minecraft:crafting_table":2,"minecraft:birch_log":13,"minecraft:leaf_litter":3,"minecraft:oak_log":34,"minecraft:birch_planks":1,"minecraft:dead_bush":16,"minecraft:iron_ore":14,"minecraft:stone":93},"minecraft:killed":{"minecraft:zombie":7,"minecraft:skeleton":2,"minecraft:chicken":5,"minecraft:sheep":3,"minecraft:pig":7,"minecraft:cow":4}},"DataVersion":4440}