{"stats":{"minecraft:custom":{"minecraft:time_since_rest":14541,"minecraft:walk_one_cm":6419,"minecraft:leave_game":2,"minecraft:walk_under_water_one_cm":53,"minecraft:damage_taken":65,"minecraft:play_time":14541,"minecraft:damage_dealt":36,"minecraft:jump":167,"minecraft:time_since_death":14541,"minecraft:sprint_one_cm":10380,"minecraft:open_chest":1,"minecraft:fall_one_cm":8750,"minecraft:swim_one_cm":4377,"minecraft:total_world_time":14541,"minecraft:fly_one_cm":40835,"minecraft:crouch_one_cm":99,"minecraft:walk_on_water_one_cm":124,"minecraft:sneak_time":39}},"DataVersion":4440}