{"stats":{"minecraft:broken":{"minecraft:stone_shovel":1,"minecraft:wooden_axe":1,"minecraft:iron_pickaxe":3,"minecraft:stone_pickaxe":1},"minecraft:used":{"minecraft:stone_axe":40,"minecraft:leaf_litter":2,"minecraft:shield":24,"minecraft:iron_pickaxe":751,"minecraft:smoker":2,"minecraft:diamond_shovel":78,"minecraft:melon_slice":3,"minecraft:stone_shovel":131,"minecraft:birch_planks":1,"minecraft:wooden_axe":36,"minecraft:diamond_pickaxe":88,"minecraft:cooked_mutton":21,"minecraft:furnace":2,"minecraft:torch":164,"minecraft:dirt":1,"minecraft:sand":5,"minecraft:stone_sword":107,"minecraft:wooden_pickaxe":16,"minecraft:oak_log":3,"minecraft:cobblestone":92,"minecraft:cooked_beef":1,"minecraft:crafting_table":6,"minecraft:chest":5,"minecraft:porkchop":10,"minecraft:white_bed":2,"minecraft:brown_egg":2,"minecraft:stone_pickaxe":132},"minecraft:crafted":{"minecraft:stone_sword":1,"minecraft:wooden_axe":2,"minecraft:stone_shovel":1,"minecraft:cooked_chicken":5,"minecraft:birch_planks":52,"minecraft:stone_pickaxe":1,"minecraft:cooked_mutton":1,"minecraft:stick":64,"minecraft:wooden_pickaxe":1,"minecraft:cooked_beef":6,"minecraft:cooked_porkchop":5,"minecraft:chest":4,"minecraft:diamond_pickaxe":1,"minecraft:bow":2,"minecraft:air":0,"minecraft:furnace":2,"minecraft:iron_ingot":55,"minecraft:diamond_shovel":1,"minecraft:leather_helmet":1,"minecraft:crafting_table":3,"minecraft:torch":128,"minecraft:shield":1,"minecraft:stone_axe":1,"minecraft:oak_planks":108,"minecraft:iron_pickaxe":2,"minecraft:smoker":1},"minecraft:dropped":{"minecraft:iron_ingot":6,"minecraft:wooden_axe":1,"minecraft:torch":40,"minecraft:birch_planks":46,"minecraft:leaf_litter":12,"minecraft:cooked_porkchop":29,"minecraft:wooden_pickaxe":1,"minecraft:stick":5},"minecraft:killed_by":{"minecraft:skeleton":1,"minecraft:zombie":2},"minecraft:picked_up":{"minecraft:dirt":194,"minecraft:cobblestone":648,"minecraft:white_bed":1,"minecraft:leather":16,"minecraft:redstone":133,"minecraft:torch":46,"minecraft:bone":5,"minecraft:tuff":3,"minecraft:leaf_litter":14,"minecraft:coal":128,"minecraft:stone_pickaxe":2,"minecraft:cooked_mutton":65,"minecraft:oak_log":67,"minecraft:melon_slice":42,"minecraft:sand":5,"minecraft:furnace":1,"minecraft:birch_planks":1,"minecraft:birch_log":13,"minecraft:diamond":39,"minecraft:granite":10,"minecraft:smoker":1,"minecraft:iron_pickaxe":2,"minecraft:lapis_lazuli":34,"minecraft:porkchop":15,"minecraft:diorite":12,"minecraft:stick":25,"minecraft:cooked_beef":15,"minecraft:white_wool":8,"minecraft:feather":15,"minecraft:oak_planks":57,"minecraft:chicken":5,"minecraft:cooked_porkchop":79,"minecraft:bow":3,"minecraft:brown_egg":2,"minecraft:crafting_table":3,"minecraft:stone_shovel":2,"minecraft:arrow":7,"minecraft:cooked_chicken":15,"minecraft:rotten_flesh":11,"minecraft:raw_iron":33,"minecraft:beef":6,"minecraft:cobbled_deepslate":99,"minecraft:andesite":1,"minecraft:stone_sword":2,"minecraft:stone_axe":1,"minecraft:mutton":15,"minecraft:chest":1},"minecraft:custom":{"minecraft:time_since_rest":130900,"minecraft:leave_game":5,"minecraft:damage_taken":2287,"minecraft:mob_kills":47,"minecraft:time_since_death":150620,"minecraft:interact_with_furnace":12,"minecraft:sleep_in_bed":1,"minecraft:total_world_time":209129,"minecraft:swim_one_cm":91160,"minecraft:crouch_one_cm":31977,"minecraft:deaths":4,"minecraft:climb_one_cm":482,"minecraft:damage_blocked_by_shield":470,"minecraft:interact_with_crafting_table":20,"minecraft:walk_one_cm":325934,"minecraft:walk_under_water_one_cm":7409,"minecraft:play_time":209129,"minecraft:damage_dealt":6878,"minecraft:jump":2957,"minecraft:drop":78,"minecraft:sprint_one_cm":247226,"minecraft:open_chest":27,"minecraft:interact_with_smoker":11,"minecraft:fall_one_cm":94414,"minecraft:fly_one_cm":774909,"minecraft:walk_on_water_one_cm":20480,"minecraft:sneak_time":7723},"minecraft:mined":{"minecraft:torch":3,"minecraft:granite":10,"minecraft:chest":1,"minecraft:coal_ore":107,"minecraft:diorite":12,"minecraft:cobblestone":3,"minecraft:white_bed":1,"minecraft:short_grass":1,"minecraft:smoker":1,"minecraft:oak_leaves":39,"minecraft:furnace":1,"minecraft:crafting_table":3,"minecraft:birch_log":13,"minecraft:leaf_litter":3,"minecraft:deepslate_redstone_ore":30,"minecraft:tall_grass":2,"minecraft:melon":3,"minecraft:dirt":167,"minecraft:tall_dry_grass":3,"minecraft:andesite":1,"minecraft:sculk_shrieker":2,"minecraft:grass_block":42,"minecraft:tuff":3,"minecraft:wall_torch":4,"minecraft:fern":1,"minecraft:deepslate":100,"minecraft:sand":5,"minecraft:deepslate_lapis_ore":2,"minecraft:deepslate_diamond_ore":39,"minecraft:deepslate_iron_ore":11,"minecraft:oak_log":34,"minecraft:birch_planks":1,"minecraft:dead_bush":16,"minecraft:iron_ore":25,"minecraft:stone":634,"minecraft:lapis_ore":4},"minecraft:killed":{"minecraft:zombie":16,"minecraft:skeleton":10,"minecraft:chicken":5,"minecraft:sheep":3,"minecraft:pig":7,"minecraft:cow":4,"minecraft:spider":1}},"DataVersion":4440}