{"stats":{"minecraft:broken":{"minecraft:stone_shovel":1,"minecraft:wooden_axe":1,"minecraft:iron_pickaxe":3,"minecraft:stone_pickaxe":1},"minecraft:used":{"minecraft:stone_axe":111,"minecraft:birch_sapling":12,"minecraft:leaf_litter":2,"minecraft:shield":24,"minecraft:iron_pickaxe":751,"minecraft:smoker":2,"minecraft:diamond_shovel":145,"minecraft:melon_slice":3,"minecraft:stone_shovel":131,"minecraft:birch_planks":109,"minecraft:wooden_axe":36,"minecraft:diamond_pickaxe":156,"minecraft:cooked_mutton":23,"minecraft:furnace":2,"minecraft:torch":164,"minecraft:dirt":119,"minecraft:sand":5,"minecraft:stone_sword":114,"minecraft:wooden_pickaxe":16,"minecraft:oak_log":5,"minecraft:cobblestone":94,"minecraft:cooked_beef":1,"minecraft:crafting_table":6,"minecraft:chest":5,"minecraft:porkchop":10,"minecraft:white_bed":2,"minecraft:brown_egg":2,"minecraft:stone_pickaxe":132},"minecraft:crafted":{"minecraft:stone_sword":1,"minecraft:wooden_axe":2,"minecraft:stone_shovel":1,"minecraft:cooked_chicken":5,"minecraft:birch_planks":176,"minecraft:stone_pickaxe":1,"minecraft:cooked_mutton":1,"minecraft:stick":64,"minecraft:wooden_pickaxe":1,"minecraft:cooked_beef":6,"minecraft:cooked_porkchop":5,"minecraft:chest":4,"minecraft:diamond_pickaxe":1,"minecraft:bow":2,"minecraft:air":0,"minecraft:furnace":2,"minecraft:iron_ingot":55,"minecraft:diamond_shovel":1,"minecraft:leather_helmet":1,"minecraft:crafting_table":3,"minecraft:torch":128,"minecraft:shield":1,"minecraft:stone_axe":1,"minecraft:oak_planks":108,"minecraft:iron_pickaxe":2,"minecraft:smoker":1},"minecraft:dropped":{"minecraft:iron_ingot":6,"minecraft:wooden_axe":1,"minecraft:torch":40,"minecraft:birch_planks":46,"minecraft:leaf_litter":12,"minecraft:cooked_porkchop":29,"minecraft:wooden_pickaxe":1,"minecraft:stick":5},"minecraft:killed_by":{"minecraft:skeleton":1,"minecraft:zombie":2},"minecraft:picked_up":{"minecraft:cobblestone":702,"minecraft:white_bed":1,"minecraft:leather":16,"minecraft:redstone":133,"minecraft:bone":5,"minecraft:stone_pickaxe":2,"minecraft:cooked_mutton":65,"minecraft:melon_slice":42,"minecraft:diamond":39,"minecraft:granite":10,"minecraft:smoker":1,"minecraft:porkchop":15,"minecraft:stick":30,"minecraft:chicken":5,"minecraft:cooked_porkchop":79,"minecraft:bow":3,"minecraft:stone_shovel":2,"minecraft:arrow":7,"minecraft:cooked_chicken":15,"minecraft:raw_iron":33,"minecraft:cobbled_deepslate":99,"minecraft:stone_sword":2,"minecraft:stone_axe":1,"minecraft:mutton":15,"minecraft:chest":1,"minecraft:dirt":289,"minecraft:torch":46,"minecraft:tuff":3,"minecraft:leaf_litter":36,"minecraft:coal":128,"minecraft:oak_log":79,"minecraft:sand":5,"minecraft:furnace":1,"minecraft:birch_planks":2,"minecraft:birch_log":65,"minecraft:iron_pickaxe":2,"minecraft:lapis_lazuli":34,"minecraft:diorite":12,"minecraft:birch_sapling":12,"minecraft:cooked_beef":15,"minecraft:white_wool":8,"minecraft:feather":15,"minecraft:oak_planks":57,"minecraft:brown_egg":2,"minecraft:crafting_table":3,"minecraft:oak_sapling":2,"minecraft:rotten_flesh":11,"minecraft:beef":6,"minecraft:andesite":1},"minecraft:custom":{"minecraft:time_since_rest":142900,"minecraft:leave_game":5,"minecraft:damage_taken":2382,"minecraft:mob_kills":48,"minecraft:time_since_death":162620,"minecraft:interact_with_furnace":13,"minecraft:sleep_in_bed":1,"minecraft:total_world_time":221129,"minecraft:swim_one_cm":91160,"minecraft:crouch_one_cm":38875,"minecraft:deaths":4,"minecraft:climb_one_cm":1521,"minecraft:damage_blocked_by_shield":470,"minecraft:interact_with_crafting_table":21,"minecraft:walk_one_cm":361750,"minecraft:walk_under_water_one_cm":7409,"minecraft:play_time":221129,"minecraft:damage_dealt":7179,"minecraft:jump":3177,"minecraft:drop":78,"minecraft:sprint_one_cm":273908,"minecraft:open_chest":28,"minecraft:interact_with_smoker":11,"minecraft:fall_one_cm":101464,"minecraft:fly_one_cm":814166,"minecraft:walk_on_water_one_cm":20480,"minecraft:sneak_time":9300},"minecraft:mined":{"minecraft:torch":3,"minecraft:granite":10,"minecraft:chest":1,"minecraft:coal_ore":107,"minecraft:diorite":12,"minecraft:cobblestone":6,"minecraft:white_bed":1,"minecraft:short_grass":1,"minecraft:smoker":1,"minecraft:oak_leaves":42,"minecraft:furnace":1,"minecraft:crafting_table":3,"minecraft:birch_log":66,"minecraft:leaf_litter":5,"minecraft:deepslate_redstone_ore":30,"minecraft:tall_grass":2,"minecraft:melon":3,"minecraft:dirt":202,"minecraft:tall_dry_grass":3,"minecraft:andesite":1,"minecraft:birch_leaves":2,"minecraft:sculk_shrieker":2,"minecraft:grass_block":74,"minecraft:tuff":3,"minecraft:wall_torch":4,"minecraft:fern":1,"minecraft:deepslate":100,"minecraft:sand":5,"minecraft:deepslate_lapis_ore":2,"minecraft:deepslate_diamond_ore":39,"minecraft:deepslate_iron_ore":11,"minecraft:oak_log":46,"minecraft:birch_planks":2,"minecraft:dead_bush":16,"minecraft:iron_ore":25,"minecraft:stone":699,"minecraft:lapis_ore":4},"minecraft:killed":{"minecraft:zombie":17,"minecraft:skeleton":10,"minecraft:chicken":5,"minecraft:sheep":3,"minecraft:pig":7,"minecraft:cow":4,"minecraft:spider":1}},"DataVersion":4440}