{"stats":{"minecraft:used":{"minecraft:stone_axe":15,"minecraft:stone_sword":25,"minecraft:crafting_table":1,"minecraft:wooden_pickaxe":3,"minecraft:furnace":1,"minecraft:cooked_porkchop":4,"minecraft:torch":5,"minecraft:stone_pickaxe":48,"minecraft:cobblestone":6},"minecraft:crafted":{"minecraft:furnace":1,"minecraft:stone_sword":1,"minecraft:jungle_planks":20,"minecraft:cooked_mutton":1,"minecraft:stone_pickaxe":1,"minecraft:crafting_table":1,"minecraft:torch":32,"minecraft:stick":24,"minecraft:wooden_pickaxe":1,"minecraft:cooked_beef":5,"minecraft:stone_axe":1,"minecraft:cooked_porkchop":10,"minecraft:air":0},"minecraft:killed":{"minecraft:zombie":2,"minecraft:skeleton":1,"minecraft:creeper":1,"minecraft:pig":4,"minecraft:sheep":1,"minecraft:cow":3,"minecraft:spider":1},"minecraft:mined":{"minecraft:tube_coral_wall_fan":1,"minecraft:horn_coral_fan":1,"minecraft:coal_ore":25,"minecraft:brain_coral_wall_fan":1,"minecraft:short_grass":8,"minecraft:oak_leaves":10,"minecraft:furnace":1,"minecraft:seagrass":1,"minecraft:tube_coral":1,"minecraft:crafting_table":1,"minecraft:jungle_log":5,"minecraft:fire_coral":1,"minecraft:dead_bush":1,"minecraft:acacia_log":6,"minecraft:stone":25},"minecraft:custom":{"minecraft:interact_with_crafting_table":7,"minecraft:time_since_rest":17102,"minecraft:walk_one_cm":53170,"minecraft:walk_under_water_one_cm":1531,"minecraft:mob_kills":13,"minecraft:damage_taken":375,"minecraft:play_time":17102,"minecraft:damage_dealt":1873,"minecraft:jump":384,"minecraft:time_since_death":17102,"minecraft:interact_with_furnace":8,"minecraft:sprint_one_cm":32394,"minecraft:fall_one_cm":9100,"minecraft:total_world_time":17102,"minecraft:swim_one_cm":48124,"minecraft:fly_one_cm":59880,"minecraft:walk_on_water_one_cm":1358,"minecraft:crouch_one_cm":299,"minecraft:sneak_time":97,"minecraft:climb_one_cm":12},"minecraft:picked_up":{"minecraft:porkchop":10,"minecraft:stick":2,"minecraft:cobblestone":25,"minecraft:white_wool":1,"minecraft:leather":4,"minecraft:crafting_table":1,"minecraft:beef":5,"minecraft:rotten_flesh":2,"minecraft:coal":25,"minecraft:string":1,"minecraft:acacia_log":6,"minecraft:furnace":1,"minecraft:wheat_seeds":2,"minecraft:mutton":1,"minecraft:gunpowder":2,"minecraft:jungle_log":5}},"DataVersion":4440}