{"stats":{"minecraft:broken":{"minecraft:stone_pickaxe":1},"minecraft:used":{"minecraft:stone_axe":17,"minecraft:stone_sword":33,"minecraft:crafting_table":3,"minecraft:iron_chestplate":1,"minecraft:iron_pickaxe":15,"minecraft:wooden_pickaxe":3,"minecraft:furnace":2,"minecraft:cooked_porkchop":6,"minecraft:torch":40,"minecraft:stone_pickaxe":186,"minecraft:iron_sword":7,"minecraft:cobblestone":6},"minecraft:crafted":{"minecraft:stone_sword":1,"minecraft:furnace":1,"minecraft:jungle_planks":20,"minecraft:iron_ingot":14,"minecraft:stone_pickaxe":2,"minecraft:cooked_mutton":1,"minecraft:iron_chestplate":1,"minecraft:crafting_table":1,"minecraft:torch":56,"minecraft:stick":24,"minecraft:wooden_pickaxe":1,"minecraft:cooked_beef":5,"minecraft:stone_axe":1,"minecraft:cooked_porkchop":10,"minecraft:iron_pickaxe":1,"minecraft:iron_sword":1,"minecraft:air":0,"minecraft:acacia_planks":24},"minecraft:killed":{"minecraft:zombie":3,"minecraft:skeleton":2,"minecraft:creeper":2,"minecraft:sheep":1,"minecraft:pig":4,"minecraft:cow":3,"minecraft:spider":1},"minecraft:mined":{"minecraft:granite":1,"minecraft:tube_coral_wall_fan":1,"minecraft:gold_ore":1,"minecraft:andesite":3,"minecraft:coal_ore":96,"minecraft:diorite":1,"minecraft:horn_coral_fan":1,"minecraft:cobblestone":1,"minecraft:brain_coral_wall_fan":1,"minecraft:short_grass":8,"minecraft:wall_torch":2,"minecraft:oak_leaves":10,"minecraft:furnace":2,"minecraft:seagrass":1,"minecraft:tube_coral":1,"minecraft:crafting_table":3,"minecraft:jungle_log":5,"minecraft:fire_coral":1,"minecraft:dead_bush":1,"minecraft:iron_ore":21,"minecraft:copper_ore":1,"minecraft:acacia_log":6,"minecraft:stone":75},"minecraft:custom":{"minecraft:interact_with_crafting_table":13,"minecraft:time_since_rest":29102,"minecraft:walk_one_cm":97484,"minecraft:walk_under_water_one_cm":1531,"minecraft:damage_taken":569,"minecraft:mob_kills":16,"minecraft:play_time":29102,"minecraft:damage_dealt":2623,"minecraft:jump":463,"minecraft:time_since_death":29102,"minecraft:interact_with_furnace":25,"minecraft:sprint_one_cm":40640,"minecraft:fall_one_cm":10520,"minecraft:total_world_time":29102,"minecraft:swim_one_cm":48124,"minecraft:fly_one_cm":62486,"minecraft:walk_on_water_one_cm":1358,"minecraft:crouch_one_cm":2735,"minecraft:sneak_time":686,"minecraft:climb_one_cm":12},"minecraft:picked_up":{"minecraft:cobblestone":74,"minecraft:leather":4,"minecraft:torch":2,"minecraft:bone":1,"minecraft:coal":113,"minecraft:furnace":2,"minecraft:wheat_seeds":2,"minecraft:granite":1,"minecraft:jungle_log":5,"minecraft:porkchop":10,"minecraft:diorite":1,"minecraft:stick":2,"minecraft:white_wool":1,"minecraft:crafting_table":3,"minecraft:arrow":1,"minecraft:raw_copper":2,"minecraft:rotten_flesh":4,"minecraft:raw_iron":20,"minecraft:beef":5,"minecraft:andesite":3,"minecraft:string":1,"minecraft:raw_gold":1,"minecraft:acacia_log":6,"minecraft:mutton":1,"minecraft:gunpowder":3}},"DataVersion":4440}