{"stats":{"minecraft:mined":{"minecraft:oak_leaves":4,"minecraft:seagrass":1,"minecraft:tube_coral":1,"minecraft:tube_coral_wall_fan":1,"minecraft:horn_coral_fan":1,"minecraft:jungle_log":2,"minecraft:fire_coral":1,"minecraft:dead_bush":1,"minecraft:brain_coral_wall_fan":1},"minecraft:custom":{"minecraft:time_since_rest":5102,"minecraft:walk_one_cm":2658,"minecraft:walk_under_water_one_cm":1025,"minecraft:play_time":5102,"minecraft:jump":95,"minecraft:time_since_death":5102,"minecraft:sprint_one_cm":9509,"minecraft:fall_one_cm":2125,"minecraft:swim_one_cm":46397,"minecraft:total_world_time":5102,"minecraft:fly_one_cm":20422,"minecraft:walk_on_water_one_cm":1138,"minecraft:sneak_time":28},"minecraft:picked_up":{"minecraft:stick":2,"minecraft:jungle_log":2}},"DataVersion":4440}