{"stats":{"minecraft:broken":{"minecraft:stone_pickaxe":1},"minecraft:crafted":{"minecraft:stone_sword":1,"minecraft:bucket":1,"minecraft:furnace":1,"minecraft:jungle_planks":20,"minecraft:iron_ingot":26,"minecraft:stone_pickaxe":2,"minecraft:cooked_mutton":1,"minecraft:iron_chestplate":1,"minecraft:crafting_table":1,"minecraft:torch":120,"minecraft:stick":48,"minecraft:wooden_pickaxe":1,"minecraft:cooked_beef":5,"minecraft:shield":1,"minecraft:stone_axe":1,"minecraft:cooked_porkchop":10,"minecraft:iron_pickaxe":1,"minecraft:diamond_sword":1,"minecraft:iron_sword":1,"minecraft:air":0,"minecraft:acacia_planks":24,"minecraft:iron_leggings":1},"minecraft:used":{"minecraft:stone_axe":18,"minecraft:stone_sword":39,"minecraft:iron_leggings":1,"minecraft:diorite":1,"minecraft:iron_pickaxe":44,"minecraft:wooden_pickaxe":3,"minecraft:iron_sword":34,"minecraft:cobblestone":62,"minecraft:cooked_beef":1,"minecraft:water_bucket":2,"minecraft:cooked_mutton":1,"minecraft:bucket":3,"minecraft:crafting_table":5,"minecraft:iron_chestplate":1,"minecraft:furnace":4,"minecraft:cooked_porkchop":7,"minecraft:torch":59,"minecraft:stone_pickaxe":205},"minecraft:killed":{"minecraft:zombie":9,"minecraft:skeleton":2,"minecraft:creeper":2,"minecraft:sheep":1,"minecraft:pig":4,"minecraft:cow":3,"minecraft:spider":2},"minecraft:mined":{"minecraft:granite":4,"minecraft:coal_ore":96,"minecraft:diorite":1,"minecraft:horn_coral_fan":1,"minecraft:cobblestone":1,"minecraft:short_grass":8,"minecraft:oak_leaves":10,"minecraft:furnace":3,"minecraft:tube_coral":1,"minecraft:crafting_table":4,"minecraft:jungle_log":5,"minecraft:fire_coral":1,"minecraft:copper_ore":1,"minecraft:pointed_dripstone":2,"minecraft:tube_coral_wall_fan":1,"minecraft:gold_ore":1,"minecraft:andesite":3,"minecraft:cobweb":6,"minecraft:brain_coral_wall_fan":1,"minecraft:wall_torch":2,"minecraft:deepslate":9,"minecraft:seagrass":1,"minecraft:deepslate_diamond_ore":8,"minecraft:deepslate_iron_ore":6,"minecraft:dripstone_block":1,"minecraft:dead_bush":1,"minecraft:iron_ore":26,"minecraft:acacia_log":6,"minecraft:stone":88},"minecraft:custom":{"minecraft:interact_with_crafting_table":20,"minecraft:time_since_rest":41102,"minecraft:walk_one_cm":140433,"minecraft:walk_under_water_one_cm":2109,"minecraft:damage_taken":824,"minecraft:mob_kills":23,"minecraft:play_time":41102,"minecraft:damage_dealt":3963,"minecraft:jump":576,"minecraft:time_since_death":41102,"minecraft:interact_with_furnace":35,"minecraft:sprint_one_cm":67988,"minecraft:fall_one_cm":12595,"minecraft:total_world_time":41102,"minecraft:swim_one_cm":48124,"minecraft:fly_one_cm":70969,"minecraft:walk_on_water_one_cm":3808,"minecraft:crouch_one_cm":13645,"minecraft:sneak_time":3494,"minecraft:climb_one_cm":12},"minecraft:picked_up":{"minecraft:cobblestone":81,"minecraft:leather":4,"minecraft:torch":2,"minecraft:bone":1,"minecraft:coal":113,"minecraft:furnace":3,"minecraft:diamond":8,"minecraft:wheat_seeds":2,"minecraft:granite":2,"minecraft:jungle_log":5,"minecraft:porkchop":10,"minecraft:diorite":1,"minecraft:stick":2,"minecraft:white_wool":1,"minecraft:crafting_table":4,"minecraft:arrow":1,"minecraft:raw_copper":2,"minecraft:rotten_flesh":11,"minecraft:raw_iron":32,"minecraft:beef":5,"minecraft:cobbled_deepslate":8,"minecraft:andesite":3,"minecraft:pointed_dripstone":2,"minecraft:string":9,"minecraft:raw_gold":1,"minecraft:acacia_log":6,"minecraft:mutton":1,"minecraft:gunpowder":3}},"DataVersion":4440}