{"stats":{"minecraft:mined":{"minecraft:cactus_flower":1,"minecraft:tall_dry_grass":4,"minecraft:short_dry_grass":3,"minecraft:dead_bush":9,"minecraft:sugar_cane":3},"minecraft:custom":{"minecraft:time_since_rest":5709,"minecraft:walk_one_cm":5302,"minecraft:leave_game":2,"minecraft:walk_under_water_one_cm":169,"minecraft:damage_taken":30,"minecraft:damage_dealt":82,"minecraft:play_time":5709,"minecraft:jump":224,"minecraft:time_since_death":5709,"minecraft:sprint_one_cm":13077,"minecraft:open_chest":1,"minecraft:fall_one_cm":9775,"minecraft:swim_one_cm":7099,"minecraft:total_world_time":5709,"minecraft:fly_one_cm":56335,"minecraft:walk_on_water_one_cm":868,"minecraft:crouch_one_cm":14,"minecraft:sneak_time":15},"minecraft:picked_up":{"minecraft:cactus_flower":1,"minecraft:stick":6,"minecraft:sugar_cane":5}},"DataVersion":4440}