{"stats":{"minecraft:broken":{"minecraft:iron_shovel":1,"minecraft:iron_pickaxe":1},"minecraft:used":{"minecraft:leaf_litter":4,"minecraft:iron_pickaxe":251,"minecraft:iron_sword":23,"minecraft:cobblestone":21,"minecraft:birch_planks":1,"minecraft:diamond_pickaxe":1033,"minecraft:crafting_table":5,"minecraft:wooden_sword":6,"minecraft:deepslate_tiles":130,"minecraft:cooked_porkchop":6,"minecraft:torch":30,"minecraft:stone_pickaxe":53,"minecraft:dirt":60,"minecraft:iron_shovel":252},"minecraft:crafted":{"minecraft:wooden_sword":1,"minecraft:stone_pickaxe":3,"minecraft:glass":37,"minecraft:cooked_mutton":5,"minecraft:crafting_table":4,"minecraft:stick":8,"minecraft:deepslate_bricks":128,"minecraft:shield":1,"minecraft:oak_planks":20,"minecraft:diamond_pickaxe":1,"minecraft:deepslate_tiles":128,"minecraft:iron_pickaxe":1,"minecraft:iron_shovel":1,"minecraft:iron_sword":1,"minecraft:polished_deepslate":128,"minecraft:air":0},"minecraft:dropped":{"minecraft:iron_shovel":1,"minecraft:torch":1,"minecraft:granite":24,"minecraft:leaf_litter":1,"minecraft:stone_pickaxe":3},"minecraft:killed_by":{"minecraft:zombie":1},"minecraft:picked_up":{"minecraft:dirt":142,"minecraft:cobblestone":634,"minecraft:flint":4,"minecraft:iron_shovel":1,"minecraft:gravel":14,"minecraft:sugar_cane":10,"minecraft:redstone":13,"minecraft:torch":34,"minecraft:deepslate_tiles":3,"minecraft:tuff":36,"minecraft:leaf_litter":5,"minecraft:coal":8,"minecraft:oak_log":5,"minecraft:sand":176,"minecraft:birch_planks":46,"minecraft:diamond":83,"minecraft:granite":24,"minecraft:diorite":30,"minecraft:stick":7,"minecraft:birch_sapling":1,"minecraft:cooked_porkchop":29,"minecraft:crafting_table":1,"minecraft:arrow":1,"minecraft:iron_ingot":6,"minecraft:raw_iron":25,"minecraft:cobbled_deepslate":394,"minecraft:andesite":14,"minecraft:raw_gold":4},"minecraft:custom":{"minecraft:time_since_rest":74113,"minecraft:leave_game":2,"minecraft:damage_taken":768,"minecraft:mob_kills":6,"minecraft:time_since_death":74091,"minecraft:interact_with_furnace":8,"minecraft:total_world_time":79318,"minecraft:swim_one_cm":19452,"minecraft:crouch_one_cm":2681,"minecraft:deaths":1,"minecraft:climb_one_cm":198,"minecraft:interact_with_crafting_table":8,"minecraft:walk_one_cm":330749,"minecraft:walk_under_water_one_cm":3534,"minecraft:play_time":79318,"minecraft:damage_dealt":1686,"minecraft:jump":941,"minecraft:drop":7,"minecraft:sprint_one_cm":86624,"minecraft:open_chest":23,"minecraft:interact_with_smoker":7,"minecraft:fall_one_cm":8491,"minecraft:fly_one_cm":67823,"minecraft:walk_on_water_one_cm":8933,"minecraft:sneak_time":1264},"minecraft:mined":{"minecraft:torch":1,"minecraft:granite":24,"minecraft:coal_ore":8,"minecraft:diorite":30,"minecraft:cobblestone":12,"minecraft:sugar_cane":3,"minecraft:gravel":18,"minecraft:short_grass":2,"minecraft:oak_leaves":2,"minecraft:crafting_table":1,"minecraft:leaf_litter":2,"minecraft:deepslate_redstone_ore":3,"minecraft:glow_lichen":2,"minecraft:dirt":107,"minecraft:tall_dry_grass":2,"minecraft:andesite":14,"minecraft:grass_block":35,"minecraft:deepslate_gold_ore":4,"minecraft:tuff":36,"minecraft:wall_torch":5,"minecraft:diamond_ore":4,"minecraft:deepslate":394,"minecraft:sand":176,"minecraft:deepslate_diamond_ore":79,"minecraft:deepslate_iron_ore":10,"minecraft:oak_log":5,"minecraft:birch_planks":1,"minecraft:deepslate_tiles":4,"minecraft:dead_bush":3,"minecraft:iron_ore":16,"minecraft:stone":616},"minecraft:killed":{"minecraft:zombie":2,"minecraft:skeleton":1,"minecraft:husk":1,"minecraft:bat":1,"minecraft:spider":1}},"DataVersion":4440}