{"stats":{"minecraft:crafted":{"minecraft:oak_planks":16,"minecraft:wooden_sword":1,"minecraft:iron_pickaxe":1,"minecraft:iron_shovel":1,"minecraft:iron_sword":1,"minecraft:crafting_table":2},"minecraft:used":{"minecraft:birch_planks":1,"minecraft:crafting_table":2,"minecraft:wooden_sword":6,"minecraft:iron_pickaxe":85,"minecraft:torch":1,"minecraft:iron_sword":1},"minecraft:killed_by":{"minecraft:zombie":1},"minecraft:picked_up":{"minecraft:coal":8,"minecraft:oak_log":4,"minecraft:stick":7,"minecraft:cobblestone":73,"minecraft:birch_planks":46,"minecraft:sugar_cane":10,"minecraft:crafting_table":1,"minecraft:torch":21,"minecraft:iron_ingot":6},"minecraft:custom":{"minecraft:interact_with_crafting_table":2,"minecraft:time_since_rest":8581,"minecraft:walk_one_cm":36161,"minecraft:leave_game":2,"minecraft:walk_under_water_one_cm":996,"minecraft:mob_kills":2,"minecraft:damage_taken":250,"minecraft:play_time":13786,"minecraft:damage_dealt":536,"minecraft:jump":184,"minecraft:time_since_death":8559,"minecraft:sprint_one_cm":19956,"minecraft:open_chest":1,"minecraft:fall_one_cm":2700,"minecraft:total_world_time":13786,"minecraft:swim_one_cm":9017,"minecraft:fly_one_cm":31020,"minecraft:walk_on_water_one_cm":3524,"minecraft:crouch_one_cm":54,"minecraft:sneak_time":31,"minecraft:deaths":1},"minecraft:mined":{"minecraft:torch":1,"minecraft:wall_torch":2,"minecraft:oak_leaves":2,"minecraft:crafting_table":1,"minecraft:oak_log":4,"minecraft:birch_planks":1,"minecraft:coal_ore":8,"minecraft:dead_bush":2,"minecraft:sugar_cane":3,"minecraft:stone":74},"minecraft:killed":{"minecraft:bat":1,"minecraft:spider":1}},"DataVersion":4440}