{"stats":{"minecraft:crafted":{"minecraft:stick":8,"minecraft:oak_planks":20,"minecraft:wooden_sword":1,"minecraft:diamond_pickaxe":1,"minecraft:stone_pickaxe":3,"minecraft:iron_pickaxe":1,"minecraft:iron_shovel":1,"minecraft:iron_sword":1,"minecraft:crafting_table":3},"minecraft:used":{"minecraft:birch_planks":1,"minecraft:diamond_pickaxe":347,"minecraft:crafting_table":4,"minecraft:wooden_sword":6,"minecraft:iron_pickaxe":210,"minecraft:torch":7,"minecraft:stone_pickaxe":53,"minecraft:iron_sword":5,"minecraft:cobblestone":19,"minecraft:iron_shovel":21},"minecraft:dropped":{"minecraft:torch":1},"minecraft:killed_by":{"minecraft:zombie":1},"minecraft:picked_up":{"minecraft:diorite":30,"minecraft:dirt":11,"minecraft:stick":7,"minecraft:cobblestone":182,"minecraft:flint":4,"minecraft:sugar_cane":10,"minecraft:gravel":14,"minecraft:cooked_porkchop":29,"minecraft:crafting_table":1,"minecraft:torch":21,"minecraft:iron_ingot":6,"minecraft:cobbled_deepslate":258,"minecraft:andesite":14,"minecraft:raw_iron":22,"minecraft:tuff":1,"minecraft:coal":8,"minecraft:oak_log":5,"minecraft:birch_planks":46,"minecraft:diamond":55,"minecraft:granite":24},"minecraft:custom":{"minecraft:interact_with_crafting_table":4,"minecraft:time_since_rest":32113,"minecraft:walk_one_cm":119114,"minecraft:leave_game":2,"minecraft:walk_under_water_one_cm":1120,"minecraft:mob_kills":3,"minecraft:damage_taken":305,"minecraft:play_time":37318,"minecraft:damage_dealt":736,"minecraft:jump":274,"minecraft:time_since_death":32091,"minecraft:drop":1,"minecraft:sprint_one_cm":35710,"minecraft:open_chest":1,"minecraft:fall_one_cm":3420,"minecraft:total_world_time":37318,"minecraft:swim_one_cm":9017,"minecraft:fly_one_cm":34490,"minecraft:walk_on_water_one_cm":4858,"minecraft:crouch_one_cm":1944,"minecraft:sneak_time":1076,"minecraft:deaths":1},"minecraft:mined":{"minecraft:torch":1,"minecraft:granite":24,"minecraft:dirt":12,"minecraft:andesite":14,"minecraft:diorite":30,"minecraft:coal_ore":8,"minecraft:sugar_cane":3,"minecraft:gravel":18,"minecraft:tuff":1,"minecraft:wall_torch":2,"minecraft:diamond_ore":4,"minecraft:deepslate":258,"minecraft:oak_leaves":2,"minecraft:deepslate_diamond_ore":51,"minecraft:deepslate_iron_ore":7,"minecraft:crafting_table":1,"minecraft:oak_log":5,"minecraft:birch_planks":1,"minecraft:dead_bush":2,"minecraft:iron_ore":15,"minecraft:stone":187},"minecraft:killed":{"minecraft:zombie":1,"minecraft:bat":1,"minecraft:spider":1}},"DataVersion":4440}