{"stats":{"minecraft:crafted":{"minecraft:stick":8,"minecraft:shield":1,"minecraft:oak_planks":20,"minecraft:wooden_sword":1,"minecraft:diamond_pickaxe":1,"minecraft:stone_pickaxe":3,"minecraft:iron_pickaxe":1,"minecraft:iron_shovel":1,"minecraft:iron_sword":1,"minecraft:crafting_table":4},"minecraft:used":{"minecraft:birch_planks":1,"minecraft:leaf_litter":4,"minecraft:diamond_pickaxe":557,"minecraft:crafting_table":5,"minecraft:wooden_sword":6,"minecraft:iron_pickaxe":210,"minecraft:cooked_porkchop":5,"minecraft:torch":20,"minecraft:stone_pickaxe":53,"minecraft:iron_sword":17,"minecraft:cobblestone":21,"minecraft:iron_shovel":21},"minecraft:dropped":{"minecraft:iron_shovel":1,"minecraft:torch":1,"minecraft:granite":24,"minecraft:leaf_litter":1,"minecraft:stone_pickaxe":3},"minecraft:killed_by":{"minecraft:zombie":1},"minecraft:picked_up":{"minecraft:dirt":11,"minecraft:cobblestone":207,"minecraft:flint":4,"minecraft:iron_shovel":1,"minecraft:gravel":14,"minecraft:sugar_cane":10,"minecraft:redstone":13,"minecraft:torch":26,"minecraft:tuff":36,"minecraft:leaf_litter":5,"minecraft:coal":8,"minecraft:oak_log":5,"minecraft:birch_planks":46,"minecraft:diamond":83,"minecraft:granite":24,"minecraft:diorite":30,"minecraft:stick":7,"minecraft:cooked_porkchop":29,"minecraft:crafting_table":1,"minecraft:arrow":1,"minecraft:iron_ingot":6,"minecraft:raw_iron":25,"minecraft:cobbled_deepslate":394,"minecraft:andesite":14,"minecraft:raw_gold":4},"minecraft:custom":{"minecraft:interact_with_crafting_table":5,"minecraft:time_since_rest":50113,"minecraft:walk_one_cm":192659,"minecraft:leave_game":2,"minecraft:walk_under_water_one_cm":2969,"minecraft:damage_taken":650,"minecraft:mob_kills":5,"minecraft:play_time":55318,"minecraft:damage_dealt":1366,"minecraft:jump":672,"minecraft:time_since_death":50091,"minecraft:drop":7,"minecraft:interact_with_furnace":2,"minecraft:sprint_one_cm":54825,"minecraft:open_chest":10,"minecraft:fall_one_cm":5566,"minecraft:total_world_time":55318,"minecraft:swim_one_cm":10402,"minecraft:fly_one_cm":45673,"minecraft:walk_on_water_one_cm":8070,"minecraft:crouch_one_cm":2133,"minecraft:sneak_time":1111,"minecraft:deaths":1},"minecraft:mined":{"minecraft:torch":1,"minecraft:granite":24,"minecraft:coal_ore":8,"minecraft:diorite":30,"minecraft:sugar_cane":3,"minecraft:gravel":18,"minecraft:short_grass":1,"minecraft:oak_leaves":2,"minecraft:crafting_table":1,"minecraft:leaf_litter":2,"minecraft:deepslate_redstone_ore":3,"minecraft:dirt":12,"minecraft:andesite":14,"minecraft:deepslate_gold_ore":4,"minecraft:tuff":36,"minecraft:wall_torch":5,"minecraft:diamond_ore":4,"minecraft:deepslate":394,"minecraft:deepslate_diamond_ore":79,"minecraft:deepslate_iron_ore":10,"minecraft:oak_log":5,"minecraft:birch_planks":1,"minecraft:dead_bush":2,"minecraft:iron_ore":16,"minecraft:stone":187},"minecraft:killed":{"minecraft:zombie":2,"minecraft:skeleton":1,"minecraft:bat":1,"minecraft:spider":1}},"DataVersion":4440}