{"stats":{"minecraft:crafted":{"minecraft:stick":8,"minecraft:oak_planks":20,"minecraft:wooden_sword":1,"minecraft:stone_pickaxe":3,"minecraft:iron_pickaxe":1,"minecraft:iron_shovel":1,"minecraft:iron_sword":1,"minecraft:crafting_table":2},"minecraft:used":{"minecraft:birch_planks":1,"minecraft:crafting_table":3,"minecraft:wooden_sword":6,"minecraft:iron_pickaxe":204,"minecraft:torch":6,"minecraft:stone_pickaxe":13,"minecraft:iron_sword":1,"minecraft:cobblestone":17,"minecraft:iron_shovel":7},"minecraft:dropped":{"minecraft:torch":1},"minecraft:killed_by":{"minecraft:zombie":1},"minecraft:picked_up":{"minecraft:diorite":13,"minecraft:dirt":7,"minecraft:stick":7,"minecraft:cobblestone":162,"minecraft:sugar_cane":10,"minecraft:cooked_porkchop":29,"minecraft:crafting_table":1,"minecraft:torch":21,"minecraft:iron_ingot":6,"minecraft:andesite":14,"minecraft:raw_iron":12,"minecraft:coal":8,"minecraft:oak_log":5,"minecraft:birch_planks":46},"minecraft:custom":{"minecraft:interact_with_crafting_table":3,"minecraft:time_since_rest":20113,"minecraft:walk_one_cm":62188,"minecraft:leave_game":2,"minecraft:walk_under_water_one_cm":1120,"minecraft:mob_kills":2,"minecraft:damage_taken":250,"minecraft:play_time":25318,"minecraft:damage_dealt":536,"minecraft:jump":232,"minecraft:time_since_death":20091,"minecraft:drop":1,"minecraft:sprint_one_cm":28609,"minecraft:open_chest":1,"minecraft:fall_one_cm":2980,"minecraft:total_world_time":25318,"minecraft:swim_one_cm":9017,"minecraft:fly_one_cm":33858,"minecraft:walk_on_water_one_cm":4788,"minecraft:crouch_one_cm":1791,"minecraft:sneak_time":1051,"minecraft:deaths":1},"minecraft:mined":{"minecraft:torch":1,"minecraft:dirt":8,"minecraft:andesite":14,"minecraft:diorite":13,"minecraft:coal_ore":8,"minecraft:sugar_cane":3,"minecraft:wall_torch":2,"minecraft:oak_leaves":2,"minecraft:crafting_table":1,"minecraft:oak_log":5,"minecraft:birch_planks":1,"minecraft:dead_bush":2,"minecraft:iron_ore":12,"minecraft:stone":167},"minecraft:killed":{"minecraft:bat":1,"minecraft:spider":1}},"DataVersion":4440}