{"stats":{"minecraft:used":{"minecraft:stone_axe":113,"minecraft:stone_sword":4,"minecraft:wooden_axe":6,"minecraft:crafting_table":5,"minecraft:apple":1,"minecraft:cooked_rabbit":2,"minecraft:wooden_pickaxe":15,"minecraft:furnace":2,"minecraft:stone_pickaxe":196,"minecraft:dirt":1},"minecraft:crafted":{"minecraft:furnace":1,"minecraft:stone_sword":1,"minecraft:wooden_axe":1,"minecraft:iron_ingot":6,"minecraft:cooked_rabbit":2,"minecraft:birch_planks":24,"minecraft:stone_pickaxe":2,"minecraft:crafting_table":2,"minecraft:torch":4,"minecraft:stick":52,"minecraft:wooden_pickaxe":1,"minecraft:shield":1,"minecraft:stone_axe":2,"minecraft:oak_planks":168,"minecraft:air":0},"minecraft:broken":{"minecraft:stone_pickaxe":1},"minecraft:killed_by":{"minecraft:creeper":1},"minecraft:killed":{"minecraft:rabbit":2},"minecraft:mined":{"minecraft:granite":7,"minecraft:tall_dry_grass":3,"minecraft:andesite":20,"minecraft:diorite":2,"minecraft:coal_ore":53,"minecraft:grass_block":5,"minecraft:cobweb":4,"minecraft:gravel":3,"minecraft:short_grass":2,"minecraft:fern":1,"minecraft:sand":7,"minecraft:oak_leaves":3,"minecraft:furnace":1,"minecraft:yellow_terracotta":1,"minecraft:crafting_table":3,"minecraft:birch_log":6,"minecraft:leaf_litter":2,"minecraft:oak_log":104,"minecraft:dead_bush":30,"minecraft:iron_ore":7,"minecraft:stone":120},"minecraft:custom":{"minecraft:interact_with_crafting_table":9,"minecraft:time_since_rest":25238,"minecraft:walk_one_cm":89614,"minecraft:walk_under_water_one_cm":3103,"minecraft:mob_kills":2,"minecraft:damage_taken":504,"minecraft:play_time":33645,"minecraft:damage_dealt":76,"minecraft:jump":474,"minecraft:time_since_death":25211,"minecraft:interact_with_furnace":4,"minecraft:sprint_one_cm":121477,"minecraft:fall_one_cm":13075,"minecraft:total_world_time":33645,"minecraft:swim_one_cm":50834,"minecraft:fly_one_cm":79001,"minecraft:walk_on_water_one_cm":7176,"minecraft:crouch_one_cm":1273,"minecraft:sneak_time":715,"minecraft:deaths":1},"minecraft:picked_up":{"minecraft:diorite":2,"minecraft:dirt":66,"minecraft:rabbit":3,"minecraft:stick":24,"minecraft:cobblestone":119,"minecraft:yellow_terracotta":1,"minecraft:oak_planks":8,"minecraft:gravel":1,"minecraft:crafting_table":3,"minecraft:arrow":2,"minecraft:oak_sapling":11,"minecraft:andesite":19,"minecraft:raw_iron":7,"minecraft:apple":3,"minecraft:leaf_litter":3,"minecraft:coal":53,"minecraft:string":3,"minecraft:oak_log":108,"minecraft:furnace":1,"minecraft:sand":7,"minecraft:birch_log":6,"minecraft:wheat_seeds":1,"minecraft:granite":7}},"DataVersion":4440}