{"stats":{"minecraft:used":{"minecraft:stone_axe":61,"minecraft:wooden_axe":6,"minecraft:crafting_table":2,"minecraft:cooked_rabbit":2,"minecraft:wooden_pickaxe":15,"minecraft:furnace":1,"minecraft:stone_pickaxe":32},"minecraft:crafted":{"minecraft:furnace":1,"minecraft:stick":4,"minecraft:wooden_axe":1,"minecraft:wooden_pickaxe":1,"minecraft:cooked_rabbit":2,"minecraft:stone_axe":1,"minecraft:oak_planks":40,"minecraft:stone_pickaxe":1,"minecraft:crafting_table":1},"minecraft:killed_by":{"minecraft:creeper":1},"minecraft:killed":{"minecraft:rabbit":2},"minecraft:mined":{"minecraft:tall_dry_grass":3,"minecraft:coal_ore":2,"minecraft:grass_block":5,"minecraft:short_grass":2,"minecraft:fern":1,"minecraft:sand":7,"minecraft:oak_leaves":3,"minecraft:furnace":1,"minecraft:yellow_terracotta":1,"minecraft:crafting_table":2,"minecraft:leaf_litter":1,"minecraft:oak_log":60,"minecraft:dead_bush":30,"minecraft:stone":43},"minecraft:custom":{"minecraft:interact_with_crafting_table":4,"minecraft:time_since_rest":13238,"minecraft:walk_one_cm":54977,"minecraft:walk_under_water_one_cm":3103,"minecraft:mob_kills":2,"minecraft:damage_taken":494,"minecraft:play_time":21645,"minecraft:damage_dealt":76,"minecraft:jump":434,"minecraft:time_since_death":13211,"minecraft:interact_with_furnace":1,"minecraft:sprint_one_cm":103669,"minecraft:fall_one_cm":9900,"minecraft:total_world_time":21645,"minecraft:swim_one_cm":50834,"minecraft:fly_one_cm":72895,"minecraft:walk_on_water_one_cm":7176,"minecraft:crouch_one_cm":248,"minecraft:sneak_time":190,"minecraft:deaths":1},"minecraft:picked_up":{"minecraft:dirt":66,"minecraft:rabbit":3,"minecraft:stick":18,"minecraft:cobblestone":43,"minecraft:yellow_terracotta":1,"minecraft:oak_planks":8,"minecraft:crafting_table":2,"minecraft:arrow":2,"minecraft:oak_sapling":2,"minecraft:apple":2,"minecraft:coal":2,"minecraft:oak_log":63,"minecraft:furnace":1,"minecraft:sand":7,"minecraft:wheat_seeds":1}},"DataVersion":4440}