{"stats":{"minecraft:crafted":{"minecraft:oak_planks":8},"minecraft:killed_by":{"minecraft:creeper":1},"minecraft:killed":{"minecraft:rabbit":1},"minecraft:mined":{"minecraft:tall_dry_grass":3,"minecraft:oak_log":2,"minecraft:dead_bush":21},"minecraft:custom":{"minecraft:time_since_rest":1238,"minecraft:walk_one_cm":26862,"minecraft:mob_kills":1,"minecraft:walk_under_water_one_cm":2681,"minecraft:damage_taken":484,"minecraft:damage_dealt":46,"minecraft:play_time":9645,"minecraft:jump":202,"minecraft:time_since_death":1211,"minecraft:sprint_one_cm":55008,"minecraft:fall_one_cm":5375,"minecraft:swim_one_cm":29057,"minecraft:total_world_time":9645,"minecraft:fly_one_cm":35951,"minecraft:walk_on_water_one_cm":4015,"minecraft:deaths":1},"minecraft:picked_up":{"minecraft:dirt":22,"minecraft:oak_log":4,"minecraft:rabbit":1,"minecraft:stick":10}},"DataVersion":4440}